{
    "BENEFITS": [
        3.0,
        2.0,
        1.0
    ],
    "CAPACITIES": [
        8.0,
        7.0,
        8.0,
        8.0,
        7.5
    ],
    "EFFICIENCIES": [
        [
            0.004,
            0.03333333333333333,
            0
        ],
        [
            0,
            0.03333333333333333,
            0.014285714285714285
        ],
        [
            0.004,
            0.03333333333333333,
            0.014285714285714285
        ],
        [
            0,
            0.03333333333333333,
            0.014285714285714285
        ],
        [
            0,
            0,
            0.014285714285714285
        ]
    ],
    "INVALID_PAIRS": [
        [
            0,
            2
        ],
        [
            1,
            0
        ],
        [
            3,
            0
        ],
        [
            4,
            0
        ],
        [
            4,
            1
        ]
    ],
    "MACHINES": [
        0,
        1,
        2,
        3,
        4
    ],
    "MACHINES_TASKS": [
        [
            0,
            0
        ],
        [
            0,
            1
        ],
        [
            0,
            2
        ],
        [
            1,
            0
        ],
        [
            1,
            1
        ],
        [
            1,
            2
        ],
        [
            2,
            0
        ],
        [
            2,
            1
        ],
        [
            2,
            2
        ],
        [
            3,
            0
        ],
        [
            3,
            1
        ],
        [
            3,
            2
        ],
        [
            4,
            0
        ],
        [
            4,
            1
        ],
        [
            4,
            2
        ]
    ],
    "MAX_PER_MACHINE": [
        500.0,
        60.0,
        140.0
    ],
    "MAX_VOLUMES": [
        5000.0,
        1000.0,
        60.0
    ],
    "MIN_VOLUMES": [
        1000.0,
        100.0,
        60.0
    ],
    "NUM_MACHINES": 5,
    "NUM_TASKS": 3,
    "TASKS": [
        0,
        1,
        2
    ]
}